birth_k,birth_residue,parent_residue,new_prime,new_prime_remainder,prefinal_gap_count,prefinal_gap_endpoints,prefinal_gap_width,new_arc_width,aperture_margin,containment_margin
5,118,118,11,8,1,7/10-3/4,1/20,1/11,9/220,1/55
5,448,28,11,8,1,7/10-3/4,1/20,1/11,9/220,1/55
5,542,122,11,3,1,1/4-3/10,1/20,1/11,9/220,1/55
5,778,148,11,8,1,7/10-3/4,1/20,1/11,9/220,1/55
5,849,9,11,2,1,1/6-3/14,1/21,1/11,10/231,1/77
5,872,32,11,3,1,1/4-3/10,1/20,1/11,9/220,1/55
5,1108,58,11,8,1,7/10-3/4,1/20,1/11,9/220,1/55
5,1202,152,11,3,1,1/4-3/10,1/20,1/11,9/220,1/55
5,1438,178,11,8,1,7/10-3/4,1/20,1/11,9/220,1/55
5,1461,201,11,9,1,11/14-5/6,1/21,1/11,10/231,1/77
5,1532,62,11,3,1,1/4-3/10,1/20,1/11,9/220,1/55
5,1768,88,11,8,1,7/10-3/4,1/20,1/11,9/220,1/55
5,1862,182,11,3,1,1/4-3/10,1/20,1/11,9/220,1/55
5,2192,92,11,3,1,1/4-3/10,1/20,1/11,9/220,1/55
6,939,939,13,3,1,3/14-1/4,1/28,1/13,15/364,1/52
6,1791,1791,13,10,1,3/4-17/22,1/44,1/13,31/572,1/52
6,2140,2140,13,8,1,13/22-9/14,4/77,1/13,25/1001,1/91
6,2499,189,13,3,1,5/22-1/4,1/44,1/13,31/572,1/52
6,3669,1359,13,3,1,3/14-1/4,1/28,1/13,15/364,1/52
6,3866,1556,13,5,1,5/14-9/22,4/77,1/13,25/1001,1/91
6,4521,2211,13,10,1,3/4-11/14,1/28,1/13,15/364,1/52
6,6296,1676,13,4,1,3/10-7/22,1/55,1/13,42/715,4/143
6,6399,1779,13,3,1,3/14-1/4,1/28,1/13,15/364,1/52
6,6789,2169,13,3,1,5/22-1/4,1/44,1/13,31/572,1/52
6,7251,321,13,10,1,3/4-11/14,1/28,1/13,15/364,1/52
6,8146,1216,13,8,1,13/22-9/14,4/77,1/13,25/1001,1/91
6,9129,2199,13,3,1,3/14-1/4,1/28,1/13,15/364,1/52
6,9981,741,13,10,1,3/4-11/14,1/28,1/13,15/364,1/52
6,10371,1131,13,10,1,3/4-17/22,1/44,1/13,31/572,1/52
6,11079,1839,13,3,1,5/22-1/4,1/44,1/13,31/572,1/52
6,11859,309,13,3,1,3/14-1/4,1/28,1/13,15/364,1/52
6,12711,1161,13,10,1,3/4-11/14,1/28,1/13,15/364,1/52
6,14152,292,13,8,1,13/22-9/14,4/77,1/13,25/1001,1/91
6,14589,729,13,3,1,3/14-5/22,1/77,1/13,64/1001,2/91
6,14661,801,13,10,1,3/4-17/22,1/44,1/13,31/572,1/52
6,15369,1509,13,3,1,5/22-1/4,1/44,1/13,31/572,1/52
6,15441,1581,13,10,1,17/22-11/14,1/77,1/13,64/1001,2/91
6,15878,2018,13,5,1,5/14-9/22,4/77,1/13,25/1001,1/91
6,17319,1149,13,3,1,3/14-1/4,1/28,1/13,15/364,1/52
6,18171,2001,13,10,1,3/4-11/14,1/28,1/13,15/364,1/52
6,18951,471,13,10,1,3/4-17/22,1/44,1/13,31/572,1/52
6,19659,1179,13,3,1,5/22-1/4,1/44,1/13,31/572,1/52
6,20049,1569,13,3,1,3/14-1/4,1/28,1/13,15/364,1/52
6,20901,111,13,10,1,3/4-11/14,1/28,1/13,15/364,1/52
6,21884,1094,13,5,1,5/14-9/22,4/77,1/13,25/1001,1/91
6,22779,1989,13,3,1,3/14-1/4,1/28,1/13,15/364,1/52
6,23241,141,13,10,1,3/4-17/22,1/44,1/13,31/572,1/52
6,23631,531,13,10,1,3/4-11/14,1/28,1/13,15/364,1/52
6,23734,634,13,9,1,15/22-7/10,1/55,1/13,42/715,4/143
6,25509,99,13,3,1,3/14-1/4,1/28,1/13,15/364,1/52
6,26164,754,13,8,1,13/22-9/14,4/77,1/13,25/1001,1/91
6,26361,951,13,10,1,3/4-11/14,1/28,1/13,15/364,1/52
6,27531,2121,13,10,1,3/4-17/22,1/44,1/13,31/572,1/52
6,27890,170,13,5,1,5/14-9/22,4/77,1/13,25/1001,1/91
6,28239,519,13,3,1,5/22-1/4,1/44,1/13,31/572,1/52
6,29091,1371,13,10,1,3/4-11/14,1/28,1/13,15/364,1/52
7,1245,1245,17,4,1,5/22-1/4,1/44,1/17,27/748,1/68
7,1329,1329,17,3,1,1/6-5/26,1/39,1/17,22/663,3/221
7,2121,2121,17,13,1,3/4-17/22,1/44,1/17,27/748,1/68
7,2631,2631,17,13,1,3/4-11/14,1/28,1/17,11/476,1/119
7,3208,3208,17,12,1,7/10-19/26,2/65,1/17,31/1105,1/221
7,3422,3422,17,5,1,7/26-3/10,2/65,1/17,31/1105,1/221
7,3489,3489,17,4,1,5/22-1/4,1/44,1/17,27/748,1/68
7,4509,4509,17,4,1,3/14-1/4,1/28,1/17,11/476,1/119
7,5223,5223,17,4,1,3/14-1/4,1/28,1/17,11/476,1/119
7,5301,5301,17,14,1,21/26-5/6,1/39,1/17,22/663,3/221
7,6201,6201,17,13,1,17/22-11/14,1/77,1/17,60/1309,1/119
7,7731,7731,17,13,1,3/4-17/22,1/44,1/17,27/748,1/68
7,7959,7959,17,3,1,1/6-5/26,1/39,1/17,22/663,3/221
7,8079,8079,17,4,1,3/14-1/4,1/28,1/17,11/476,1/119
7,9099,9099,17,4,1,5/22-1/4,1/44,1/17,27/748,1/68
7,9771,9771,17,13,1,3/4-11/14,1/28,1/17,11/476,1/119
7,9838,9838,17,12,1,7/10-19/26,2/65,1/17,31/1105,1/221
7,10052,10052,17,5,1,7/26-3/10,2/65,1/17,31/1105,1/221
7,11378,11378,17,5,1,7/26-7/22,7/143,1/17,24/2431,1/221
7,11649,11649,17,4,1,3/14-1/4,1/28,1/17,11/476,1/119
7,11931,11931,17,14,1,21/26-5/6,1/39,1/17,22/663,3/221
7,12184,12184,17,12,1,15/22-7/10,1/55,1/17,38/935,1/187
7,12434,12434,17,7,1,9/22-11/26,2/143,1/17,109/2431,4/221
7,13341,13341,17,13,1,3/4-17/22,1/44,1/17,27/748,1/68
7,15219,15219,17,4,1,3/14-1/4,1/28,1/17,11/476,1/119
7,16468,16468,17,12,1,7/10-19/26,2/65,1/17,31/1105,1/221
7,16682,16682,17,5,1,7/26-3/10,2/65,1/17,31/1105,1/221
7,16911,16911,17,13,1,3/4-11/14,1/28,1/17,11/476,1/119
7,18561,18561,17,14,1,21/26-5/6,1/39,1/17,22/663,3/221
7,18789,18789,17,4,1,3/14-1/4,1/28,1/17,11/476,1/119
7,20319,20319,17,4,1,5/22-1/4,1/44,1/17,27/748,1/68
7,20481,20481,17,13,1,3/4-11/14,1/28,1/17,11/476,1/119
7,21219,21219,17,3,1,1/6-5/26,1/39,1/17,22/663,3/221
7,22359,22359,17,4,1,3/14-1/4,1/28,1/17,11/476,1/119
7,24051,24051,17,13,1,3/4-11/14,1/28,1/17,11/476,1/119
7,25191,25191,17,14,1,21/26-5/6,1/39,1/17,22/663,3/221
7,25929,25929,17,4,1,5/22-1/4,1/44,1/17,27/748,1/68
7,27086,27086,17,5,1,3/10-7/22,1/55,1/17,38/935,1/187
7,27621,27621,17,13,1,3/4-11/14,1/28,1/17,11/476,1/119
7,27849,27849,17,3,1,1/6-5/26,1/39,1/17,22/663,3/221
7,29499,29499,17,4,1,3/14-1/4,1/28,1/17,11/476,1/119
7,29728,29728,17,12,1,7/10-19/26,2/65,1/17,31/1105,1/221
7,29942,29942,17,5,1,7/26-3/10,2/65,1/17,31/1105,1/221
7,30171,141,17,13,1,3/4-17/22,1/44,1/17,27/748,1/68
7,31191,1161,17,13,1,3/4-11/14,1/28,1/17,11/476,1/119
7,31539,1509,17,4,1,5/22-1/4,1/44,1/17,27/748,1/68
7,33069,3039,17,4,1,3/14-5/22,1/77,1/17,60/1309,1/119
7,34479,4449,17,3,1,1/6-5/26,1/39,1/17,22/663,3/221
7,34761,4731,17,13,1,3/4-11/14,1/28,1/17,11/476,1/119
7,35781,5751,17,13,1,3/4-17/22,1/44,1/17,27/748,1/68
7,36358,6328,17,12,1,7/10-19/26,2/65,1/17,31/1105,1/221
7,36572,6542,17,5,1,7/26-3/10,2/65,1/17,31/1105,1/221
7,36639,6609,17,4,1,3/14-1/4,1/28,1/17,11/476,1/119
7,37149,7119,17,4,1,5/22-1/4,1/44,1/17,27/748,1/68
7,38331,8301,17,13,1,3/4-11/14,1/28,1/17,11/476,1/119
7,38451,8421,17,14,1,21/26-5/6,1/39,1/17,22/663,3/221
7,40114,10084,17,11,1,9/14-17/26,1/91,1/17,74/1547,5/221
7,40209,10179,17,4,1,3/14-1/4,1/28,1/17,11/476,1/119
7,41391,11361,17,13,1,3/4-17/22,1/44,1/17,27/748,1/68
7,41901,11871,17,13,1,3/4-11/14,1/28,1/17,11/476,1/119
7,42759,12729,17,4,1,5/22-1/4,1/44,1/17,27/748,1/68
7,42988,12958,17,12,1,7/10-19/26,2/65,1/17,31/1105,1/221
7,43202,13172,17,5,1,7/26-3/10,2/65,1/17,31/1105,1/221
7,43779,13749,17,4,1,3/14-1/4,1/28,1/17,11/476,1/119
7,45081,15051,17,14,1,21/26-5/6,1/39,1/17,22/663,3/221
7,47001,16971,17,13,1,3/4-17/22,1/44,1/17,27/748,1/68
7,47739,17709,17,3,1,1/6-5/26,1/39,1/17,22/663,3/221
7,47839,17809,17,1,1,1/22-1/14,2/77,1/17,43/1309,3/187
7,48369,18339,17,4,1,5/22-1/4,1/44,1/17,27/748,1/68
7,49041,19011,17,13,1,3/4-11/14,1/28,1/17,11/476,1/119
7,49832,19802,17,5,1,7/26-3/10,2/65,1/17,31/1105,1/221
7,50919,20889,17,4,1,3/14-1/4,1/28,1/17,11/476,1/119
7,51454,21424,17,12,1,15/22-7/10,1/55,1/17,38/935,1/187
7,51711,21681,17,14,1,21/26-5/6,1/39,1/17,22/663,3/221
7,52611,22581,17,13,1,3/4-17/22,1/44,1/17,27/748,1/68
7,52706,22676,17,6,1,9/26-5/14,1/91,1/17,74/1547,5/221
7,54369,24339,17,3,1,1/6-5/26,1/39,1/17,22/663,3/221
7,54489,24459,17,4,1,3/14-1/4,1/28,1/17,11/476,1/119
7,56181,26151,17,13,1,3/4-11/14,1/28,1/17,11/476,1/119
7,56248,26218,17,12,1,7/10-19/26,2/65,1/17,31/1105,1/221
7,56462,26432,17,5,1,7/26-3/10,2/65,1/17,31/1105,1/221
7,58059,28029,17,4,1,3/14-1/4,1/28,1/17,11/476,1/119
7,58221,28191,17,13,1,3/4-17/22,1/44,1/17,27/748,1/68
7,58341,28311,17,14,1,21/26-5/6,1/39,1/17,22/663,3/221
7,59589,29559,17,4,1,5/22-1/4,1/44,1/17,27/748,1/68
7,59673,29643,17,3,1,1/6-5/26,1/39,1/17,22/663,3/221
7,59751,29721,17,13,1,3/4-11/14,1/28,1/17,11/476,1/119
7,61629,1569,17,4,1,3/14-1/4,1/28,1/17,11/476,1/119
7,61988,1928,17,6,1,9/26-5/14,1/91,1/17,74/1547,5/221
7,62878,2818,17,12,1,7/10-19/26,2/65,1/17,31/1105,1/221
7,63092,3032,17,5,1,7/26-3/10,2/65,1/17,31/1105,1/221
7,63321,3261,17,13,1,3/4-11/14,1/28,1/17,11/476,1/119
7,64971,4911,17,14,1,21/26-5/6,1/39,1/17,22/663,3/221
7,65199,5139,17,4,1,5/22-1/4,1/44,1/17,27/748,1/68
7,66891,6831,17,13,1,3/4-11/14,1/28,1/17,11/476,1/119
7,67629,7569,17,3,1,1/6-5/26,1/39,1/17,22/663,3/221
7,68769,8709,17,4,1,3/14-1/4,1/28,1/17,11/476,1/119
7,69441,9381,17,13,1,3/4-17/22,1/44,1/17,27/748,1/68
7,70461,10401,17,13,1,3/4-11/14,1/28,1/17,11/476,1/119
7,70809,10749,17,4,1,5/22-1/4,1/44,1/17,27/748,1/68
7,71601,11541,17,14,1,21/26-5/6,1/39,1/17,22/663,3/221
7,72339,12279,17,4,1,3/14-5/22,1/77,1/17,60/1309,1/119
7,74031,13971,17,13,1,3/4-11/14,1/28,1/17,11/476,1/119
7,74259,14199,17,3,1,1/6-5/26,1/39,1/17,22/663,3/221
7,75051,14991,17,13,1,3/4-17/22,1/44,1/17,27/748,1/68
7,75909,15849,17,4,1,3/14-1/4,1/28,1/17,11/476,1/119
7,76138,16078,17,12,1,7/10-19/26,2/65,1/17,31/1105,1/221
7,76352,16292,17,5,1,7/26-3/10,2/65,1/17,31/1105,1/221
7,76419,16359,17,4,1,5/22-1/4,1/44,1/17,27/748,1/68
7,77601,17541,17,13,1,3/4-11/14,1/28,1/17,11/476,1/119
7,79479,19419,17,4,1,3/14-1/4,1/28,1/17,11/476,1/119
7,80661,20601,17,13,1,3/4-17/22,1/44,1/17,27/748,1/68
7,80889,20829,17,3,1,1/6-5/26,1/39,1/17,22/663,3/221
7,81171,21111,17,13,1,3/4-11/14,1/28,1/17,11/476,1/119
7,82029,21969,17,4,1,5/22-1/4,1/44,1/17,27/748,1/68
7,82768,22708,17,12,1,7/10-19/26,2/65,1/17,31/1105,1/221
7,82982,22922,17,5,1,7/26-3/10,2/65,1/17,31/1105,1/221
7,83049,22989,17,4,1,3/14-1/4,1/28,1/17,11/476,1/119
7,84741,24681,17,13,1,17/22-11/14,1/77,1/17,60/1309,1/119
7,84861,24801,17,14,1,21/26-5/6,1/39,1/17,22/663,3/221
7,86271,26211,17,13,1,3/4-17/22,1/44,1/17,27/748,1/68
7,86524,26464,17,11,1,9/14-17/26,1/91,1/17,74/1547,5/221
7,86619,26559,17,4,1,3/14-1/4,1/28,1/17,11/476,1/119
7,87519,27459,17,3,1,1/6-5/26,1/39,1/17,22/663,3/221
7,87639,27579,17,4,1,5/22-1/4,1/44,1/17,27/748,1/68
7,88311,28251,17,13,1,3/4-11/14,1/28,1/17,11/476,1/119
7,89398,29338,17,12,1,7/10-19/26,2/65,1/17,31/1105,1/221
7,89612,29552,17,5,1,7/26-3/10,2/65,1/17,31/1105,1/221
7,90189,99,17,4,1,3/14-1/4,1/28,1/17,11/476,1/119
7,90724,634,17,12,1,15/22-7/10,1/55,1/17,38/935,1/187
7,91491,1401,17,14,1,21/26-5/6,1/39,1/17,22/663,3/221
7,94149,4059,17,3,1,1/6-5/26,1/39,1/17,22/663,3/221
7,95451,5361,17,13,1,3/4-11/14,1/28,1/17,11/476,1/119
7,96028,5938,17,12,1,7/10-19/26,2/65,1/17,31/1105,1/221
7,97329,7239,17,4,1,3/14-1/4,1/28,1/17,11/476,1/119
7,97491,7401,17,13,1,3/4-17/22,1/44,1/17,27/748,1/68
7,98121,8031,17,14,1,21/26-5/6,1/39,1/17,22/663,3/221
7,98859,8769,17,4,1,5/22-1/4,1/44,1/17,27/748,1/68
7,99021,8931,17,13,1,3/4-11/14,1/28,1/17,11/476,1/119
7,99116,9026,17,6,1,9/26-5/14,1/91,1/17,74/1547,5/221
7,100779,10689,17,3,1,1/6-5/26,1/39,1/17,22/663,3/221
7,100857,10767,17,13,1,3/4-17/22,1/44,1/17,27/748,1/68
7,100899,10809,17,4,1,3/14-1/4,1/28,1/17,11/476,1/119
7,102591,12501,17,13,1,3/4-11/14,1/28,1/17,11/476,1/119
7,102658,12568,17,12,1,7/10-19/26,2/65,1/17,31/1105,1/221
7,102872,12782,17,5,1,7/26-3/10,2/65,1/17,31/1105,1/221
7,103347,13257,17,4,1,5/22-1/4,1/44,1/17,27/748,1/68
7,104469,14379,17,4,1,5/22-1/4,1/44,1/17,27/748,1/68
7,105626,15536,17,5,1,3/10-7/22,1/55,1/17,38/935,1/187
7,106161,16071,17,13,1,3/4-11/14,1/28,1/17,11/476,1/119
7,107325,17235,17,4,1,3/14-1/4,1/28,1/17,11/476,1/119
7,108039,17949,17,4,1,3/14-1/4,1/28,1/17,11/476,1/119
7,108711,18621,17,13,1,3/4-17/22,1/44,1/17,27/748,1/68
7,109288,19198,17,12,1,7/10-19/26,2/65,1/17,31/1105,1/221
7,109502,19412,17,5,1,7/26-3/10,2/65,1/17,31/1105,1/221
7,109731,19641,17,13,1,3/4-11/14,1/28,1/17,11/476,1/119
7,110079,19989,17,4,1,5/22-1/4,1/44,1/17,27/748,1/68
7,111381,21291,17,14,1,21/26-5/6,1/39,1/17,22/663,3/221
7,111609,21519,17,4,1,3/14-5/22,1/77,1/17,60/1309,1/119
7,113301,23211,17,13,1,3/4-11/14,1/28,1/17,11/476,1/119
7,113480,23390,17,5,1,7/26-7/22,7/143,1/17,24/2431,1/221
7,114321,24231,17,13,1,3/4-17/22,1/44,1/17,27/748,1/68
7,114536,24446,17,7,1,9/22-11/26,2/143,1/17,109/2431,4/221
7,115179,25089,17,4,1,3/14-1/4,1/28,1/17,11/476,1/119
7,115689,25599,17,4,1,5/22-1/4,1/44,1/17,27/748,1/68
7,116871,26781,17,13,1,3/4-11/14,1/28,1/17,11/476,1/119
7,118011,27921,17,14,1,21/26-5/6,1/39,1/17,22/663,3/221
7,118749,28659,17,4,1,3/14-1/4,1/28,1/17,11/476,1/119
7,119931,29841,17,13,1,3/4-17/22,1/44,1/17,27/748,1/68
7,120441,321,17,13,1,3/4-11/14,1/28,1/17,11/476,1/119
7,120669,549,17,3,1,1/6-5/26,1/39,1/17,22/663,3/221
7,121299,1179,17,4,1,5/22-1/4,1/44,1/17,27/748,1/68
7,122319,2199,17,4,1,3/14-1/4,1/28,1/17,11/476,1/119
7,122762,2642,17,5,1,7/26-3/10,2/65,1/17,31/1105,1/221
7,124011,3891,17,13,1,17/22-11/14,1/77,1/17,60/1309,1/119
7,125541,5421,17,13,1,3/4-17/22,1/44,1/17,27/748,1/68
7,125889,5769,17,4,1,3/14-1/4,1/28,1/17,11/476,1/119
7,127299,7179,17,3,1,1/6-5/26,1/39,1/17,22/663,3/221
7,127345,7225,17,15,1,19/22-9/10,2/55,1/17,21/935,2/187
7,127581,7461,17,13,1,3/4-11/14,1/28,1/17,11/476,1/119
7,129178,9058,17,12,1,7/10-19/26,2/65,1/17,31/1105,1/221
7,129392,9272,17,5,1,7/26-3/10,2/65,1/17,31/1105,1/221
7,129459,9339,17,4,1,3/14-1/4,1/28,1/17,11/476,1/119
7,129994,9874,17,12,1,15/22-7/10,1/55,1/17,38/935,1/187
7,131151,11031,17,13,1,3/4-17/22,1/44,1/17,27/748,1/68
7,131271,11151,17,14,1,21/26-5/6,1/39,1/17,22/663,3/221
7,132934,12814,17,11,1,9/14-17/26,1/91,1/17,74/1547,5/221
7,133029,12909,17,4,1,3/14-1/4,1/28,1/17,11/476,1/119
7,133929,13809,17,3,1,1/6-5/26,1/39,1/17,22/663,3/221
7,134721,14601,17,13,1,3/4-11/14,1/28,1/17,11/476,1/119
7,135808,15688,17,12,1,7/10-19/26,2/65,1/17,31/1105,1/221
7,136022,15902,17,5,1,7/26-3/10,2/65,1/17,31/1105,1/221
7,136599,16479,17,4,1,3/14-1/4,1/28,1/17,11/476,1/119
7,136761,16641,17,13,1,3/4-17/22,1/44,1/17,27/748,1/68
7,137901,17781,17,14,1,21/26-5/6,1/39,1/17,22/663,3/221
7,138129,18009,17,4,1,5/22-1/4,1/44,1/17,27/748,1/68
7,140559,20439,17,3,1,1/6-5/26,1/39,1/17,22/663,3/221
7,140645,20525,17,4,1,3/14-1/4,1/28,1/17,11/476,1/119
7,141861,21741,17,13,1,3/4-11/14,1/28,1/17,11/476,1/119
7,142216,22096,17,11,1,9/14-17/26,1/91,1/17,74/1547,5/221
7,142438,22318,17,12,1,7/10-19/26,2/65,1/17,31/1105,1/221
7,142652,22532,17,5,1,7/26-3/10,2/65,1/17,31/1105,1/221
7,143739,23619,17,4,1,5/22-1/4,1/44,1/17,27/748,1/68
7,144531,24411,17,14,1,21/26-5/6,1/39,1/17,22/663,3/221
7,144896,24776,17,5,1,3/10-7/22,1/55,1/17,38/935,1/187
7,145431,25311,17,13,1,3/4-11/14,1/28,1/17,11/476,1/119
7,145526,25406,17,6,1,9/26-5/14,1/91,1/17,74/1547,5/221
7,147189,27069,17,3,1,1/6-5/26,1/39,1/17,22/663,3/221
7,147309,27189,17,4,1,3/14-1/4,1/28,1/17,11/476,1/119
7,147981,27861,17,13,1,3/4-17/22,1/44,1/17,27/748,1/68
7,149001,28881,17,13,1,3/4-11/14,1/28,1/17,11/476,1/119
7,149068,28948,17,12,1,7/10-19/26,2/65,1/17,31/1105,1/221
7,149282,29162,17,5,1,7/26-3/10,2/65,1/17,31/1105,1/221
7,149349,29229,17,4,1,5/22-1/4,1/44,1/17,27/748,1/68
7,150879,729,17,4,1,3/14-5/22,1/77,1/17,60/1309,1/119
7,151161,1011,17,14,1,21/26-5/6,1/39,1/17,22/663,3/221
7,152571,2421,17,13,1,3/4-11/14,1/28,1/17,11/476,1/119
7,153591,3441,17,13,1,3/4-17/22,1/44,1/17,27/748,1/68
7,154449,4299,17,4,1,3/14-1/4,1/28,1/17,11/476,1/119
7,154959,4809,17,4,1,5/22-1/4,1/44,1/17,27/748,1/68
7,155698,5548,17,12,1,7/10-19/26,2/65,1/17,31/1105,1/221
7,155912,5762,17,5,1,7/26-3/10,2/65,1/17,31/1105,1/221
7,156141,5991,17,13,1,3/4-11/14,1/28,1/17,11/476,1/119
7,157791,7641,17,14,1,21/26-5/6,1/39,1/17,22/663,3/221
7,158019,7869,17,4,1,3/14-1/4,1/28,1/17,11/476,1/119
7,159201,9051,17,13,1,3/4-17/22,1/44,1/17,27/748,1/68
7,159711,9561,17,13,1,3/4-11/14,1/28,1/17,11/476,1/119
7,160449,10299,17,3,1,1/6-5/26,1/39,1/17,22/663,3/221
7,160569,10419,17,4,1,5/22-1/4,1/44,1/17,27/748,1/68
7,161589,11439,17,4,1,3/14-1/4,1/28,1/17,11/476,1/119
7,161775,11625,17,3,1,1/6-5/26,1/39,1/17,22/663,3/221
7,163281,13131,17,13,1,17/22-11/14,1/77,1/17,60/1309,1/119
7,164090,13940,17,6,1,9/26-5/14,1/91,1/17,74/1547,5/221
7,164421,14271,17,14,1,21/26-5/6,1/39,1/17,22/663,3/221
7,165159,15009,17,4,1,3/14-1/4,1/28,1/17,11/476,1/119
7,166179,16029,17,4,1,5/22-1/4,1/44,1/17,27/748,1/68
7,166851,16701,17,13,1,3/4-11/14,1/28,1/17,11/476,1/119
7,167079,16929,17,3,1,1/6-5/26,1/39,1/17,22/663,3/221
7,168729,18579,17,4,1,3/14-1/4,1/28,1/17,11/476,1/119
7,168958,18808,17,12,1,7/10-19/26,2/65,1/17,31/1105,1/221
7,169264,19114,17,12,1,15/22-7/10,1/55,1/17,38/935,1/187
7,170421,20271,17,13,1,3/4-17/22,1/44,1/17,27/748,1/68
7,172299,22149,17,4,1,3/14-1/4,1/28,1/17,11/476,1/119
7,173709,23559,17,3,1,1/6-5/26,1/39,1/17,22/663,3/221
7,173991,23841,17,13,1,3/4-11/14,1/28,1/17,11/476,1/119
7,175588,25438,17,12,1,7/10-19/26,2/65,1/17,31/1105,1/221
7,175802,25652,17,5,1,7/26-3/10,2/65,1/17,31/1105,1/221
7,175869,25719,17,4,1,3/14-1/4,1/28,1/17,11/476,1/119
7,176031,25881,17,13,1,3/4-17/22,1/44,1/17,27/748,1/68
7,177399,27249,17,4,1,5/22-1/4,1/44,1/17,27/748,1/68
7,177561,27411,17,13,1,3/4-11/14,1/28,1/17,11/476,1/119
7,179344,29194,17,11,1,9/14-17/26,1/91,1/17,74/1547,5/221
7,179439,29289,17,4,1,3/14-1/4,1/28,1/17,11/476,1/119
7,180339,159,17,3,1,1/6-5/26,1/39,1/17,22/663,3/221
7,181131,951,17,13,1,3/4-11/14,1/28,1/17,11/476,1/119
7,182218,2038,17,12,1,7/10-19/26,2/65,1/17,31/1105,1/221
7,182432,2252,17,5,1,7/26-3/10,2/65,1/17,31/1105,1/221
7,183009,2829,17,4,1,5/22-1/4,1/44,1/17,27/748,1/68
7,184166,3986,17,5,1,3/10-7/22,1/55,1/17,38/935,1/187
7,184311,4131,17,14,1,21/26-5/6,1/39,1/17,22/663,3/221
7,187251,7071,17,13,1,3/4-17/22,1/44,1/17,27/748,1/68
7,188271,8091,17,13,1,3/4-11/14,1/28,1/17,11/476,1/119
7,188619,8439,17,4,1,5/22-1/4,1/44,1/17,27/748,1/68
7,188848,8668,17,12,1,7/10-19/26,2/65,1/17,31/1105,1/221
7,189062,8882,17,5,1,7/26-3/10,2/65,1/17,31/1105,1/221
7,190149,9969,17,4,1,3/14-5/22,1/77,1/17,60/1309,1/119
7,190941,10761,17,14,1,21/26-5/6,1/39,1/17,22/663,3/221
7,191770,11590,17,10,1,15/26-13/22,2/143,1/17,109/2431,4/221
7,191841,11661,17,13,1,3/4-11/14,1/28,1/17,11/476,1/119
7,191936,11756,17,6,1,9/26-5/14,1/91,1/17,74/1547,5/221
7,192826,12646,17,12,1,15/22-19/26,7/143,1/17,24/2431,1/221
7,192861,12681,17,13,1,3/4-17/22,1/44,1/17,27/748,1/68
7,193599,13419,17,3,1,1/6-5/26,1/39,1/17,22/663,3/221
7,193719,13539,17,4,1,3/14-1/4,1/28,1/17,11/476,1/119
7,194229,14049,17,4,1,5/22-1/4,1/44,1/17,27/748,1/68
7,195411,15231,17,13,1,3/4-11/14,1/28,1/17,11/476,1/119
7,195692,15512,17,5,1,7/26-3/10,2/65,1/17,31/1105,1/221
7,197289,17109,17,4,1,3/14-1/4,1/28,1/17,11/476,1/119
7,197571,17391,17,14,1,21/26-5/6,1/39,1/17,22/663,3/221
7,198471,18291,17,13,1,3/4-17/22,1/44,1/17,27/748,1/68
7,198981,18801,17,13,1,3/4-11/14,1/28,1/17,11/476,1/119
7,200859,20679,17,4,1,3/14-1/4,1/28,1/17,11/476,1/119
7,202108,21928,17,12,1,7/10-19/26,2/65,1/17,31/1105,1/221
7,202322,22142,17,5,1,7/26-3/10,2/65,1/17,31/1105,1/221
7,202551,22371,17,13,1,17/22-11/14,1/77,1/17,60/1309,1/119
7,204081,23901,17,13,1,3/4-17/22,1/44,1/17,27/748,1/68
7,204201,24021,17,14,1,21/26-5/6,1/39,1/17,22/663,3/221
7,204429,24249,17,4,1,3/14-1/4,1/28,1/17,11/476,1/119
7,205449,25269,17,4,1,5/22-1/4,1/44,1/17,27/748,1/68
7,206121,25941,17,13,1,3/4-11/14,1/28,1/17,11/476,1/119
7,206859,26679,17,3,1,1/6-5/26,1/39,1/17,22/663,3/221
7,207999,27819,17,4,1,3/14-1/4,1/28,1/17,11/476,1/119
7,208534,28354,17,12,1,15/22-7/10,1/55,1/17,38/935,1/187
7,209427,29247,17,4,1,3/14-1/4,1/28,1/17,11/476,1/119
7,209691,29511,17,13,1,3/4-17/22,1/44,1/17,27/748,1/68
7,210831,621,17,14,1,21/26-5/6,1/39,1/17,22/663,3/221
7,211569,1359,17,4,1,3/14-1/4,1/28,1/17,11/476,1/119
7,213261,3051,17,13,1,3/4-11/14,1/28,1/17,11/476,1/119
7,213489,3279,17,3,1,1/6-5/26,1/39,1/17,22/663,3/221
7,215139,4929,17,4,1,3/14-1/4,1/28,1/17,11/476,1/119
7,215301,5091,17,13,1,3/4-17/22,1/44,1/17,27/748,1/68
7,215368,5158,17,12,1,7/10-19/26,2/65,1/17,31/1105,1/221
7,215582,5372,17,5,1,7/26-3/10,2/65,1/17,31/1105,1/221
7,216638,6428,17,7,1,9/22-11/26,2/143,1/17,109/2431,4/221
7,216669,6459,17,4,1,5/22-1/4,1/44,1/17,27/748,1/68
7,216831,6621,17,13,1,3/4-11/14,1/28,1/17,11/476,1/119
7,218709,8499,17,4,1,3/14-1/4,1/28,1/17,11/476,1/119
7,218975,8765,17,15,1,19/22-9/10,2/55,1/17,21/935,2/187
7,220119,9909,17,3,1,1/6-5/26,1/39,1/17,22/663,3/221
7,220401,10191,17,13,1,3/4-11/14,1/28,1/17,11/476,1/119
7,221998,11788,17,12,1,7/10-19/26,2/65,1/17,31/1105,1/221
7,222212,12002,17,5,1,7/26-3/10,2/65,1/17,31/1105,1/221
7,222279,12069,17,4,1,5/22-1/4,1/44,1/17,27/748,1/68
7,223436,13226,17,5,1,3/10-7/22,1/55,1/17,38/935,1/187
7,223971,13761,17,13,1,3/4-11/14,1/28,1/17,11/476,1/119
7,224091,13881,17,14,1,21/26-5/6,1/39,1/17,22/663,3/221
7,225754,15544,17,11,1,9/14-17/26,1/91,1/17,74/1547,5/221
7,225849,15639,17,4,1,3/14-1/4,1/28,1/17,11/476,1/119
7,226521,16311,17,13,1,3/4-17/22,1/44,1/17,27/748,1/68
7,226749,16539,17,3,1,1/6-5/26,1/39,1/17,22/663,3/221
7,227541,17331,17,13,1,3/4-11/14,1/28,1/17,11/476,1/119
7,227889,17679,17,4,1,5/22-1/4,1/44,1/17,27/748,1/68
7,228628,18418,17,12,1,7/10-19/26,2/65,1/17,31/1105,1/221
7,228842,18632,17,5,1,7/26-3/10,2/65,1/17,31/1105,1/221
7,229419,19209,17,4,1,3/14-5/22,1/77,1/17,60/1309,1/119
7,230721,20511,17,14,1,21/26-5/6,1/39,1/17,22/663,3/221
7,232131,21921,17,13,1,3/4-17/22,1/44,1/17,27/748,1/68
7,233379,23169,17,3,1,1/6-5/26,1/39,1/17,22/663,3/221
7,233499,23289,17,4,1,5/22-1/4,1/44,1/17,27/748,1/68
7,234681,24471,17,13,1,3/4-11/14,1/28,1/17,11/476,1/119
7,235258,25048,17,12,1,7/10-19/26,2/65,1/17,31/1105,1/221
7,235472,25262,17,5,1,7/26-3/10,2/65,1/17,31/1105,1/221
7,236559,26349,17,4,1,3/14-1/4,1/28,1/17,11/476,1/119
7,237351,27141,17,14,1,21/26-5/6,1/39,1/17,22/663,3/221
7,238251,28041,17,13,1,3/4-11/14,1/28,1/17,11/476,1/119
7,238346,28136,17,6,1,9/26-5/14,1/91,1/17,74/1547,5/221
7,239109,28899,17,4,1,5/22-1/4,1/44,1/17,27/748,1/68
7,240009,29799,17,3,1,1/6-5/26,1/39,1/17,22/663,3/221
7,240129,29919,17,4,1,3/14-1/4,1/28,1/17,11/476,1/119
7,241821,1581,17,13,1,17/22-11/14,1/77,1/17,60/1309,1/119
7,241888,1648,17,12,1,7/10-19/26,2/65,1/17,31/1105,1/221
7,243351,3111,17,13,1,3/4-17/22,1/44,1/17,27/748,1/68
7,243699,3459,17,4,1,3/14-1/4,1/28,1/17,11/476,1/119
7,243981,3741,17,14,1,21/26-5/6,1/39,1/17,22/663,3/221
7,244719,4479,17,4,1,5/22-1/4,1/44,1/17,27/748,1/68
7,245391,5151,17,13,1,3/4-11/14,1/28,1/17,11/476,1/119
7,246633,6393,17,14,1,21/26-5/6,1/39,1/17,22/663,3/221
7,247269,7029,17,4,1,3/14-1/4,1/28,1/17,11/476,1/119
7,247804,7564,17,12,1,15/22-7/10,1/55,1/17,38/935,1/187
7,248518,8278,17,12,1,7/10-19/26,2/65,1/17,31/1105,1/221
7,248732,8492,17,5,1,7/26-3/10,2/65,1/17,31/1105,1/221
7,248961,8721,17,13,1,3/4-17/22,1/44,1/17,27/748,1/68
7,250839,10599,17,4,1,3/14-1/4,1/28,1/17,11/476,1/119
7,252531,12291,17,13,1,3/4-11/14,1/28,1/17,11/476,1/119
7,253269,13029,17,3,1,1/6-5/26,1/39,1/17,22/663,3/221
7,254409,14169,17,4,1,3/14-1/4,1/28,1/17,11/476,1/119
7,254571,14331,17,13,1,3/4-17/22,1/44,1/17,27/748,1/68
7,255939,15699,17,4,1,5/22-1/4,1/44,1/17,27/748,1/68
7,256101,15861,17,13,1,3/4-11/14,1/28,1/17,11/476,1/119
7,257241,17001,17,14,1,21/26-5/6,1/39,1/17,22/663,3/221
7,257979,17739,17,4,1,3/14-1/4,1/28,1/17,11/476,1/119
7,259671,19431,17,13,1,3/4-11/14,1/28,1/17,11/476,1/119
7,261549,21309,17,4,1,5/22-1/4,1/44,1/17,27/748,1/68
7,261778,21538,17,12,1,7/10-19/26,2/65,1/17,31/1105,1/221
7,261992,21752,17,5,1,7/26-3/10,2/65,1/17,31/1105,1/221
7,262706,22466,17,5,1,3/10-7/22,1/55,1/17,38/935,1/187
7,263241,23001,17,13,1,3/4-11/14,1/28,1/17,11/476,1/119
7,263877,23637,17,3,1,1/6-5/26,1/39,1/17,22/663,3/221
7,265119,24879,17,4,1,3/14-1/4,1/28,1/17,11/476,1/119
7,265791,25551,17,13,1,3/4-17/22,1/44,1/17,27/748,1/68
7,266529,26289,17,3,1,1/6-5/26,1/39,1/17,22/663,3/221
7,266811,26571,17,13,1,3/4-11/14,1/28,1/17,11/476,1/119
7,267159,26919,17,4,1,5/22-1/4,1/44,1/17,27/748,1/68
7,268622,28382,17,5,1,7/26-3/10,2/65,1/17,31/1105,1/221
7,268689,28449,17,4,1,3/14-5/22,1/77,1/17,60/1309,1/119
7,270381,111,17,13,1,3/4-11/14,1/28,1/17,11/476,1/119
7,270501,231,17,14,1,21/26-5/6,1/39,1/17,22/663,3/221
7,271401,1131,17,13,1,3/4-17/22,1/44,1/17,27/748,1/68
7,272164,1894,17,11,1,9/14-17/26,1/91,1/17,74/1547,5/221
7,272259,1989,17,4,1,3/14-1/4,1/28,1/17,11/476,1/119
7,273159,2889,17,3,1,1/6-5/26,1/39,1/17,22/663,3/221
7,273951,3681,17,13,1,3/4-11/14,1/28,1/17,11/476,1/119
7,275038,4768,17,12,1,7/10-19/26,2/65,1/17,31/1105,1/221
7,275252,4982,17,5,1,7/26-3/10,2/65,1/17,31/1105,1/221
7,275829,5559,17,4,1,3/14-1/4,1/28,1/17,11/476,1/119
7,277011,6741,17,13,1,3/4-17/22,1/44,1/17,27/748,1/68
7,277131,6861,17,14,1,21/26-5/6,1/39,1/17,22/663,3/221
7,278379,8109,17,4,1,5/22-1/4,1/44,1/17,27/748,1/68
7,279789,9519,17,3,1,1/6-5/26,1/39,1/17,22/663,3/221
7,281091,10821,17,13,1,17/22-11/14,1/77,1/17,60/1309,1/119
7,281668,11398,17,12,1,7/10-19/26,2/65,1/17,31/1105,1/221
7,281882,11612,17,5,1,7/26-3/10,2/65,1/17,31/1105,1/221
7,282621,12351,17,13,1,3/4-17/22,1/44,1/17,27/748,1/68
7,282969,12699,17,4,1,3/14-1/4,1/28,1/17,11/476,1/119
7,283761,13491,17,14,1,21/26-5/6,1/39,1/17,22/663,3/221
7,283989,13719,17,4,1,5/22-1/4,1/44,1/17,27/748,1/68
7,284661,14391,17,13,1,3/4-11/14,1/28,1/17,11/476,1/119
7,284756,14486,17,6,1,9/26-5/14,1/91,1/17,74/1547,5/221
7,286419,16149,17,3,1,1/6-5/26,1/39,1/17,22/663,3/221
7,286539,16269,17,4,1,3/14-1/4,1/28,1/17,11/476,1/119
7,287074,16804,17,12,1,15/22-7/10,1/55,1/17,38/935,1/187
7,288231,17961,17,13,1,3/4-17/22,1/44,1/17,27/748,1/68
7,288298,18028,17,12,1,7/10-19/26,2/65,1/17,31/1105,1/221
7,288512,18242,17,5,1,7/26-3/10,2/65,1/17,31/1105,1/221
7,290109,19839,17,4,1,3/14-1/4,1/28,1/17,11/476,1/119
7,290391,20121,17,14,1,21/26-5/6,1/39,1/17,22/663,3/221
7,291535,21265,17,2,1,1/10-3/22,2/55,1/17,21/935,2/187
7,291801,21531,17,13,1,3/4-11/14,1/28,1/17,11/476,1/119
7,293679,23409,17,4,1,3/14-1/4,1/28,1/17,11/476,1/119
7,293841,23571,17,13,1,3/4-17/22,1/44,1/17,27/748,1/68
7,293872,23602,17,10,1,15/26-13/22,2/143,1/17,109/2431,4/221
7,294928,24658,17,12,1,7/10-19/26,2/65,1/17,31/1105,1/221
7,295142,24872,17,5,1,7/26-3/10,2/65,1/17,31/1105,1/221
7,295209,24939,17,4,1,5/22-1/4,1/44,1/17,27/748,1/68
7,295371,25101,17,13,1,3/4-11/14,1/28,1/17,11/476,1/119
7,297021,26751,17,14,1,21/26-5/6,1/39,1/17,22/663,3/221
7,297249,26979,17,4,1,3/14-1/4,1/28,1/17,11/476,1/119
7,298941,28671,17,13,1,3/4-11/14,1/28,1/17,11/476,1/119
7,299679,29409,17,3,1,1/6-5/26,1/39,1/17,22/663,3/221
7,300819,519,17,4,1,5/22-1/4,1/44,1/17,27/748,1/68
7,301083,783,17,13,1,3/4-11/14,1/28,1/17,11/476,1/119
7,301976,1676,17,5,1,3/10-7/22,1/55,1/17,38/935,1/187
7,302511,2211,17,13,1,3/4-11/14,1/28,1/17,11/476,1/119
7,303651,3351,17,14,1,21/26-5/6,1/39,1/17,22/663,3/221
7,304389,4089,17,4,1,3/14-1/4,1/28,1/17,11/476,1/119
7,305061,4761,17,13,1,3/4-17/22,1/44,1/17,27/748,1/68
7,306081,5781,17,13,1,3/4-11/14,1/28,1/17,11/476,1/119
7,306309,6009,17,3,1,1/6-5/26,1/39,1/17,22/663,3/221
7,306429,6129,17,4,1,5/22-1/4,1/44,1/17,27/748,1/68
7,307959,7659,17,4,1,3/14-5/22,1/77,1/17,60/1309,1/119
7,308188,7888,17,12,1,7/10-19/26,2/65,1/17,31/1105,1/221
7,308402,8102,17,5,1,7/26-3/10,2/65,1/17,31/1105,1/221
7,309651,9351,17,13,1,3/4-11/14,1/28,1/17,11/476,1/119
7,311529,11229,17,4,1,3/14-1/4,1/28,1/17,11/476,1/119
7,312039,11739,17,4,1,5/22-1/4,1/44,1/17,27/748,1/68
7,312939,12639,17,3,1,1/6-5/26,1/39,1/17,22/663,3/221
7,313221,12921,17,13,1,3/4-11/14,1/28,1/17,11/476,1/119
7,314818,14518,17,12,1,7/10-19/26,2/65,1/17,31/1105,1/221
7,315099,14799,17,4,1,3/14-1/4,1/28,1/17,11/476,1/119
7,316281,15981,17,13,1,3/4-17/22,1/44,1/17,27/748,1/68
7,316791,16491,17,13,1,3/4-11/14,1/28,1/17,11/476,1/119
7,316911,16611,17,14,1,21/26-5/6,1/39,1/17,22/663,3/221
7,317649,17349,17,4,1,5/22-1/4,1/44,1/17,27/748,1/68
7,317684,17384,17,5,1,7/26-7/22,7/143,1/17,24/2431,1/221
7,318574,18274,17,11,1,9/14-17/26,1/91,1/17,74/1547,5/221
7,318669,18369,17,4,1,3/14-1/4,1/28,1/17,11/476,1/119
7,318740,18440,17,7,1,9/22-11/26,2/143,1/17,109/2431,4/221
7,319569,19269,17,3,1,1/6-5/26,1/39,1/17,22/663,3/221
7,320361,20061,17,13,1,17/22-11/14,1/77,1/17,60/1309,1/119
7,321448,21148,17,12,1,7/10-19/26,2/65,1/17,31/1105,1/221
7,321662,21362,17,5,1,7/26-3/10,2/65,1/17,31/1105,1/221
7,321891,21591,17,13,1,3/4-17/22,1/44,1/17,27/748,1/68
7,322239,21939,17,4,1,3/14-1/4,1/28,1/17,11/476,1/119
7,323259,22959,17,4,1,5/22-1/4,1/44,1/17,27/748,1/68
7,326199,25899,17,3,1,1/6-5/26,1/39,1/17,22/663,3/221
7,326344,26044,17,12,1,15/22-7/10,1/55,1/17,38/935,1/187
7,327501,27201,17,13,1,3/4-17/22,1/44,1/17,27/748,1/68
7,328078,27778,17,12,1,7/10-19/26,2/65,1/17,31/1105,1/221
7,328292,27992,17,5,1,7/26-3/10,2/65,1/17,31/1105,1/221
7,329379,29079,17,4,1,3/14-1/4,1/28,1/17,11/476,1/119
7,330171,29871,17,14,1,21/26-5/6,1/39,1/17,22/663,3/221
7,331071,741,17,13,1,3/4-11/14,1/28,1/17,11/476,1/119
7,331166,836,17,6,1,9/26-5/14,1/91,1/17,74/1547,5/221
7,332949,2619,17,4,1,3/14-1/4,1/28,1/17,11/476,1/119
7,333111,2781,17,13,1,3/4-17/22,1/44,1/17,27/748,1/68
7,334479,4149,17,4,1,5/22-1/4,1/44,1/17,27/748,1/68
7,334641,4311,17,13,1,3/4-11/14,1/28,1/17,11/476,1/119
7,334708,4378,17,12,1,7/10-19/26,2/65,1/17,31/1105,1/221
7,334922,4592,17,5,1,7/26-3/10,2/65,1/17,31/1105,1/221
7,336519,6189,17,4,1,3/14-1/4,1/28,1/17,11/476,1/119
7,336801,6471,17,14,1,21/26-5/6,1/39,1/17,22/663,3/221
7,338211,7881,17,13,1,3/4-11/14,1/28,1/17,11/476,1/119
7,340089,9759,17,4,1,5/22-1/4,1/44,1/17,27/748,1/68
7,341246,10916,17,5,1,3/10-7/22,1/55,1/17,38/935,1/187
7,341552,11222,17,5,1,7/26-3/10,2/65,1/17,31/1105,1/221
7,341781,11451,17,13,1,3/4-11/14,1/28,1/17,11/476,1/119
7,343431,13101,17,14,1,21/26-5/6,1/39,1/17,22/663,3/221
7,343659,13329,17,4,1,3/14-1/4,1/28,1/17,11/476,1/119
7,344331,14001,17,13,1,3/4-17/22,1/44,1/17,27/748,1/68
7,345351,15021,17,13,1,3/4-11/14,1/28,1/17,11/476,1/119
7,346089,15759,17,3,1,1/6-5/26,1/39,1/17,22/663,3/221
7,346420,16090,17,11,1,9/14-17/26,1/91,1/17,74/1547,5/221
7,347229,16899,17,4,1,3/14-5/22,1/77,1/17,60/1309,1/119
7,348735,18405,17,14,1,21/26-5/6,1/39,1/17,22/663,3/221
7,348921,18591,17,13,1,3/4-11/14,1/28,1/17,11/476,1/119
7,349941,19611,17,13,1,3/4-17/22,1/44,1/17,27/748,1/68
7,350061,19731,17,14,1,21/26-5/6,1/39,1/17,22/663,3/221
7,350799,20469,17,4,1,3/14-1/4,1/28,1/17,11/476,1/119
7,351309,20979,17,4,1,5/22-1/4,1/44,1/17,27/748,1/68
7,352491,22161,17,13,1,3/4-11/14,1/28,1/17,11/476,1/119
7,352719,22389,17,3,1,1/6-5/26,1/39,1/17,22/663,3/221
7,354369,24039,17,4,1,3/14-1/4,1/28,1/17,11/476,1/119
7,354598,24268,17,12,1,7/10-19/26,2/65,1/17,31/1105,1/221
7,354812,24482,17,5,1,7/26-3/10,2/65,1/17,31/1105,1/221
7,355551,25221,17,13,1,3/4-17/22,1/44,1/17,27/748,1/68
7,356061,25731,17,13,1,3/4-11/14,1/28,1/17,11/476,1/119
7,356919,26589,17,4,1,5/22-1/4,1/44,1/17,27/748,1/68
7,357939,27609,17,4,1,3/14-1/4,1/28,1/17,11/476,1/119
7,359349,29019,17,3,1,1/6-5/26,1/39,1/17,22/663,3/221
7,359631,29301,17,13,1,17/22-11/14,1/77,1/17,60/1309,1/119
7,361161,801,17,13,1,3/4-17/22,1/44,1/17,27/748,1/68
7,361228,868,17,12,1,7/10-19/26,2/65,1/17,31/1105,1/221
7,361442,1082,17,5,1,7/26-3/10,2/65,1/17,31/1105,1/221
7,361509,1149,17,4,1,3/14-1/4,1/28,1/17,11/476,1/119
7,362529,2169,17,4,1,5/22-1/4,1/44,1/17,27/748,1/68
7,363201,2841,17,13,1,3/4-11/14,1/28,1/17,11/476,1/119
7,363321,2961,17,14,1,21/26-5/6,1/39,1/17,22/663,3/221
7,364984,4624,17,11,1,9/14-17/26,1/91,1/17,74/1547,5/221
7,365079,4719,17,4,1,3/14-1/4,1/28,1/17,11/476,1/119
7,365614,5254,17,12,1,15/22-7/10,1/55,1/17,38/935,1/187
7,365979,5619,17,3,1,1/6-5/26,1/39,1/17,22/663,3/221
7,366771,6411,17,13,1,3/4-17/22,1/44,1/17,27/748,1/68
7,367858,7498,17,12,1,7/10-19/26,2/65,1/17,31/1105,1/221
7,368072,7712,17,5,1,7/26-3/10,2/65,1/17,31/1105,1/221
7,368294,7934,17,6,1,9/26-5/14,1/91,1/17,74/1547,5/221
7,368649,8289,17,4,1,3/14-1/4,1/28,1/17,11/476,1/119
7,369865,9505,17,13,1,3/4-11/14,1/28,1/17,11/476,1/119
7,369951,9591,17,14,1,21/26-5/6,1/39,1/17,22/663,3/221
7,372381,12021,17,13,1,3/4-17/22,1/44,1/17,27/748,1/68
7,372609,12249,17,3,1,1/6-5/26,1/39,1/17,22/663,3/221
7,373749,13389,17,4,1,5/22-1/4,1/44,1/17,27/748,1/68
7,373911,13551,17,13,1,3/4-11/14,1/28,1/17,11/476,1/119
7,374488,14128,17,12,1,7/10-19/26,2/65,1/17,31/1105,1/221
7,374702,14342,17,5,1,7/26-3/10,2/65,1/17,31/1105,1/221
7,375789,15429,17,4,1,3/14-1/4,1/28,1/17,11/476,1/119
7,376581,16221,17,14,1,21/26-5/6,1/39,1/17,22/663,3/221
7,377481,17121,17,13,1,3/4-11/14,1/28,1/17,11/476,1/119
7,377576,17216,17,6,1,9/26-5/14,1/91,1/17,74/1547,5/221
7,379239,18879,17,3,1,1/6-5/26,1/39,1/17,22/663,3/221
7,379359,18999,17,4,1,5/22-1/4,1/44,1/17,27/748,1/68
7,380516,20156,17,5,1,3/10-7/22,1/55,1/17,38/935,1/187
7,381051,20691,17,13,1,3/4-11/14,1/28,1/17,11/476,1/119
7,381118,20758,17,12,1,7/10-19/26,2/65,1/17,31/1105,1/221
7,381332,20972,17,5,1,7/26-3/10,2/65,1/17,31/1105,1/221
7,382929,22569,17,4,1,3/14-1/4,1/28,1/17,11/476,1/119
7,383165,22805,17,2,1,1/10-3/22,2/55,1/17,21/935,2/187
7,383211,22851,17,14,1,21/26-5/6,1/39,1/17,22/663,3/221
7,384621,24261,17,13,1,3/4-11/14,1/28,1/17,11/476,1/119
7,384969,24609,17,4,1,5/22-1/4,1/44,1/17,27/748,1/68
7,386499,26139,17,4,1,3/14-5/22,1/77,1/17,60/1309,1/119
7,387748,27388,17,12,1,7/10-19/26,2/65,1/17,31/1105,1/221
7,388191,27831,17,13,1,3/4-11/14,1/28,1/17,11/476,1/119
7,389211,28851,17,13,1,3/4-17/22,1/44,1/17,27/748,1/68
7,389841,29481,17,14,1,21/26-5/6,1/39,1/17,22/663,3/221
7,390069,29709,17,4,1,3/14-1/4,1/28,1/17,11/476,1/119
7,390579,189,17,4,1,5/22-1/4,1/44,1/17,27/748,1/68
7,391761,1371,17,13,1,3/4-11/14,1/28,1/17,11/476,1/119
7,392499,2109,17,3,1,1/6-5/26,1/39,1/17,22/663,3/221
7,393639,3249,17,4,1,3/14-1/4,1/28,1/17,11/476,1/119
7,394821,4431,17,13,1,3/4-17/22,1/44,1/17,27/748,1/68
7,395331,4941,17,13,1,3/4-11/14,1/28,1/17,11/476,1/119
7,395974,5584,17,10,1,15/26-13/22,2/143,1/17,109/2431,4/221
7,396189,5799,17,4,1,5/22-1/4,1/44,1/17,27/748,1/68
7,397030,6640,17,12,1,15/22-19/26,7/143,1/17,24/2431,1/221
7,397209,6819,17,4,1,3/14-1/4,1/28,1/17,11/476,1/119
7,398901,8511,17,13,1,17/22-11/14,1/77,1/17,60/1309,1/119
7,399129,8739,17,3,1,1/6-5/26,1/39,1/17,22/663,3/221
7,400431,10041,17,13,1,3/4-17/22,1/44,1/17,27/748,1/68
7,400779,10389,17,4,1,3/14-1/4,1/28,1/17,11/476,1/119
7,401008,10618,17,12,1,7/10-19/26,2/65,1/17,31/1105,1/221
7,401222,10832,17,5,1,7/26-3/10,2/65,1/17,31/1105,1/221
7,401799,11409,17,4,1,5/22-1/4,1/44,1/17,27/748,1/68
7,402471,12081,17,13,1,3/4-11/14,1/28,1/17,11/476,1/119
7,403185,12795,17,13,1,3/4-11/14,1/28,1/17,11/476,1/119
7,404349,13959,17,4,1,3/14-1/4,1/28,1/17,11/476,1/119
7,404884,14494,17,12,1,15/22-7/10,1/55,1/17,38/935,1/187
7,406041,15651,17,13,1,3/4-17/22,1/44,1/17,27/748,1/68
7,407163,16773,17,13,1,3/4-17/22,1/44,1/17,27/748,1/68
7,407638,17248,17,12,1,7/10-19/26,2/65,1/17,31/1105,1/221
7,407852,17462,17,5,1,7/26-3/10,2/65,1/17,31/1105,1/221
7,407919,17529,17,4,1,3/14-1/4,1/28,1/17,11/476,1/119
7,409611,19221,17,13,1,3/4-11/14,1/28,1/17,11/476,1/119
7,409653,19263,17,4,1,5/22-1/4,1/44,1/17,27/748,1/68
7,409731,19341,17,14,1,21/26-5/6,1/39,1/17,22/663,3/221
7,411394,21004,17,11,1,9/14-17/26,1/91,1/17,74/1547,5/221
7,411489,21099,17,4,1,3/14-1/4,1/28,1/17,11/476,1/119
7,411651,21261,17,13,1,3/4-17/22,1/44,1/17,27/748,1/68
7,412389,21999,17,3,1,1/6-5/26,1/39,1/17,22/663,3/221
7,413019,22629,17,4,1,5/22-1/4,1/44,1/17,27/748,1/68
7,413181,22791,17,13,1,3/4-11/14,1/28,1/17,11/476,1/119
7,414482,24092,17,5,1,7/26-3/10,2/65,1/17,31/1105,1/221
7,415059,24669,17,4,1,3/14-1/4,1/28,1/17,11/476,1/119
7,416361,25971,17,14,1,21/26-5/6,1/39,1/17,22/663,3/221
7,419019,28629,17,3,1,1/6-5/26,1/39,1/17,22/663,3/221
7,419786,29396,17,5,1,3/10-7/22,1/55,1/17,38/935,1/187
7,420321,29931,17,13,1,3/4-11/14,1/28,1/17,11/476,1/119
7,420898,478,17,12,1,7/10-19/26,2/65,1/17,31/1105,1/221
7,421112,692,17,5,1,7/26-3/10,2/65,1/17,31/1105,1/221
7,422199,1779,17,4,1,3/14-1/4,1/28,1/17,11/476,1/119
7,422871,2451,17,13,1,3/4-17/22,1/44,1/17,27/748,1/68
7,422991,2571,17,14,1,21/26-5/6,1/39,1/17,22/663,3/221
7,423891,3471,17,13,1,3/4-11/14,1/28,1/17,11/476,1/119
7,423986,3566,17,6,1,9/26-5/14,1/91,1/17,74/1547,5/221
7,424239,3819,17,4,1,5/22-1/4,1/44,1/17,27/748,1/68
7,425649,5229,17,3,1,1/6-5/26,1/39,1/17,22/663,3/221
7,425769,5349,17,4,1,3/14-5/22,1/77,1/17,60/1309,1/119
7,427461,7041,17,13,1,3/4-11/14,1/28,1/17,11/476,1/119
7,427528,7108,17,12,1,7/10-19/26,2/65,1/17,31/1105,1/221
7,427742,7322,17,5,1,7/26-3/10,2/65,1/17,31/1105,1/221
7,428481,8061,17,13,1,3/4-17/22,1/44,1/17,27/748,1/68
7,429339,8919,17,4,1,3/14-1/4,1/28,1/17,11/476,1/119
7,429621,9201,17,14,1,21/26-5/6,1/39,1/17,22/663,3/221
7,429849,9429,17,4,1,5/22-1/4,1/44,1/17,27/748,1/68
7,431031,10611,17,13,1,3/4-11/14,1/28,1/17,11/476,1/119
7,432909,12489,17,4,1,3/14-1/4,1/28,1/17,11/476,1/119
7,434091,13671,17,13,1,3/4-17/22,1/44,1/17,27/748,1/68
7,434158,13738,17,12,1,7/10-19/26,2/65,1/17,31/1105,1/221
7,434372,13952,17,5,1,7/26-3/10,2/65,1/17,31/1105,1/221
7,434601,14181,17,13,1,3/4-11/14,1/28,1/17,11/476,1/119
7,435459,15039,17,4,1,5/22-1/4,1/44,1/17,27/748,1/68
7,436251,15831,17,14,1,21/26-5/6,1/39,1/17,22/663,3/221
7,436479,16059,17,4,1,3/14-1/4,1/28,1/17,11/476,1/119
7,438171,17751,17,13,1,17/22-11/14,1/77,1/17,60/1309,1/119
7,438909,18489,17,3,1,1/6-5/26,1/39,1/17,22/663,3/221
7,439701,19281,17,13,1,3/4-17/22,1/44,1/17,27/748,1/68
7,440049,19629,17,4,1,3/14-1/4,1/28,1/17,11/476,1/119
7,441069,20649,17,4,1,5/22-1/4,1/44,1/17,27/748,1/68
7,441741,21321,17,13,1,3/4-11/14,1/28,1/17,11/476,1/119
7,442881,22461,17,14,1,21/26-5/6,1/39,1/17,22/663,3/221
7,443619,23199,17,4,1,3/14-1/4,1/28,1/17,11/476,1/119
7,445311,24891,17,13,1,3/4-17/22,1/44,1/17,27/748,1/68
7,445539,25119,17,3,1,1/6-5/26,1/39,1/17,22/663,3/221
7,447189,26769,17,4,1,3/14-1/4,1/28,1/17,11/476,1/119
7,447418,26998,17,12,1,7/10-19/26,2/65,1/17,31/1105,1/221
7,447632,27212,17,5,1,7/26-3/10,2/65,1/17,31/1105,1/221
7,448522,28102,17,11,1,9/14-17/26,1/91,1/17,74/1547,5/221
7,448881,28461,17,13,1,3/4-11/14,1/28,1/17,11/476,1/119
7,450759,309,17,4,1,3/14-1/4,1/28,1/17,11/476,1/119
7,450837,387,17,14,1,21/26-5/6,1/39,1/17,22/663,3/221
7,450921,471,17,13,1,3/4-17/22,1/44,1/17,27/748,1/68
7,452169,1719,17,3,1,1/6-5/26,1/39,1/17,22/663,3/221
7,452289,1839,17,4,1,5/22-1/4,1/44,1/17,27/748,1/68
7,452451,2001,17,13,1,3/4-11/14,1/28,1/17,11/476,1/119
7,454048,3598,17,12,1,7/10-19/26,2/65,1/17,31/1105,1/221
7,454262,3812,17,5,1,7/26-3/10,2/65,1/17,31/1105,1/221
7,454329,3879,17,4,1,3/14-1/4,1/28,1/17,11/476,1/119
7,456021,5571,17,13,1,3/4-11/14,1/28,1/17,11/476,1/119
7,456141,5691,17,14,1,21/26-5/6,1/39,1/17,22/663,3/221
7,457804,7354,17,11,1,9/14-17/26,1/91,1/17,74/1547,5/221
7,457899,7449,17,4,1,5/22-1/4,1/44,1/17,27/748,1/68
7,458799,8349,17,3,1,1/6-5/26,1/39,1/17,22/663,3/221
7,459056,8606,17,5,1,3/10-7/22,1/55,1/17,38/935,1/187
7,459591,9141,17,13,1,3/4-11/14,1/28,1/17,11/476,1/119
7,460678,10228,17,12,1,7/10-19/26,2/65,1/17,31/1105,1/221
7,461469,11019,17,4,1,3/14-1/4,1/28,1/17,11/476,1/119
7,462141,11691,17,13,1,3/4-17/22,1/44,1/17,27/748,1/68
7,462671,12221,17,16,1,13/14-21/22,2/77,1/17,43/1309,3/187
7,462771,12321,17,14,1,21/26-5/6,1/39,1/17,22/663,3/221
7,463509,13059,17,4,1,5/22-1/4,1/44,1/17,27/748,1/68
7,465429,14979,17,3,1,1/6-5/26,1/39,1/17,22/663,3/221
7,466731,16281,17,13,1,3/4-11/14,1/28,1/17,11/476,1/119
7,467308,16858,17,12,1,7/10-19/26,2/65,1/17,31/1105,1/221
7,467522,17072,17,5,1,7/26-3/10,2/65,1/17,31/1105,1/221
7,467751,17301,17,13,1,3/4-17/22,1/44,1/17,27/748,1/68
7,468609,18159,17,4,1,3/14-1/4,1/28,1/17,11/476,1/119
7,469119,18669,17,4,1,5/22-1/4,1/44,1/17,27/748,1/68
7,470301,19851,17,13,1,3/4-11/14,1/28,1/17,11/476,1/119
7,470396,19946,17,6,1,9/26-5/14,1/91,1/17,74/1547,5/221
7,472059,21609,17,3,1,1/6-5/26,1/39,1/17,22/663,3/221
7,472179,21729,17,4,1,3/14-1/4,1/28,1/17,11/476,1/119
7,473361,22911,17,13,1,3/4-17/22,1/44,1/17,27/748,1/68
7,473871,23421,17,13,1,3/4-11/14,1/28,1/17,11/476,1/119
7,473938,23488,17,12,1,7/10-19/26,2/65,1/17,31/1105,1/221
7,474152,23702,17,5,1,7/26-3/10,2/65,1/17,31/1105,1/221
7,474729,24279,17,4,1,5/22-1/4,1/44,1/17,27/748,1/68
7,475749,25299,17,4,1,3/14-1/4,1/28,1/17,11/476,1/119
7,476031,25581,17,14,1,21/26-5/6,1/39,1/17,22/663,3/221
7,477441,26991,17,13,1,17/22-11/14,1/77,1/17,60/1309,1/119
7,478971,28521,17,13,1,3/4-17/22,1/44,1/17,27/748,1/68
7,479319,28869,17,4,1,3/14-1/4,1/28,1/17,11/476,1/119
7,480339,29889,17,4,1,5/22-1/4,1/44,1/17,27/748,1/68
7,480568,88,17,12,1,7/10-19/26,2/65,1/17,31/1105,1/221
7,480782,302,17,5,1,7/26-3/10,2/65,1/17,31/1105,1/221
7,481011,531,17,13,1,3/4-11/14,1/28,1/17,11/476,1/119
7,482661,2181,17,14,1,21/26-5/6,1/39,1/17,22/663,3/221
7,482889,2409,17,4,1,3/14-1/4,1/28,1/17,11/476,1/119
7,483424,2944,17,12,1,15/22-7/10,1/55,1/17,38/935,1/187
7,484581,4101,17,13,1,3/4-17/22,1/44,1/17,27/748,1/68
7,485319,4839,17,3,1,1/6-5/26,1/39,1/17,22/663,3/221
7,486459,5979,17,4,1,3/14-1/4,1/28,1/17,11/476,1/119
7,488151,7671,17,13,1,3/4-11/14,1/28,1/17,11/476,1/119
7,489291,8811,17,14,1,21/26-5/6,1/39,1/17,22/663,3/221
7,490029,9549,17,4,1,3/14-1/4,1/28,1/17,11/476,1/119
7,490191,9711,17,13,1,3/4-17/22,1/44,1/17,27/748,1/68
7,491721,11241,17,13,1,3/4-11/14,1/28,1/17,11/476,1/119
7,491949,11469,17,3,1,1/6-5/26,1/39,1/17,22/663,3/221
7,493599,13119,17,4,1,3/14-1/4,1/28,1/17,11/476,1/119
7,493828,13348,17,12,1,7/10-19/26,2/65,1/17,31/1105,1/221
7,494042,13562,17,5,1,7/26-3/10,2/65,1/17,31/1105,1/221
7,495291,14811,17,13,1,3/4-11/14,1/28,1/17,11/476,1/119
7,497169,16689,17,4,1,5/22-1/4,1/44,1/17,27/748,1/68
7,498076,17596,17,10,1,15/26-13/22,2/143,1/17,109/2431,4/221
7,498326,17846,17,5,1,3/10-7/22,1/55,1/17,38/935,1/187
7,498579,18099,17,3,1,1/6-5/26,1/39,1/17,22/663,3/221
7,498861,18381,17,13,1,3/4-11/14,1/28,1/17,11/476,1/119
7,499132,18652,17,12,1,15/22-19/26,7/143,1/17,24/2431,1/221
7,500458,19978,17,12,1,7/10-19/26,2/65,1/17,31/1105,1/221
7,500672,20192,17,5,1,7/26-3/10,2/65,1/17,31/1105,1/221
7,500739,20259,17,4,1,3/14-1/4,1/28,1/17,11/476,1/119
7,501411,20931,17,13,1,3/4-17/22,1/44,1/17,27/748,1/68
7,502431,21951,17,13,1,3/4-11/14,1/28,1/17,11/476,1/119
7,502551,22071,17,14,1,21/26-5/6,1/39,1/17,22/663,3/221
7,502779,22299,17,4,1,5/22-1/4,1/44,1/17,27/748,1/68
7,504309,23829,17,4,1,3/14-5/22,1/77,1/17,60/1309,1/119
7,505209,24729,17,3,1,1/6-5/26,1/39,1/17,22/663,3/221
7,505287,24807,17,13,1,3/4-11/14,1/28,1/17,11/476,1/119
7,506001,25521,17,13,1,3/4-11/14,1/28,1/17,11/476,1/119
7,507021,26541,17,13,1,3/4-17/22,1/44,1/17,27/748,1/68
7,507088,26608,17,12,1,7/10-19/26,2/65,1/17,31/1105,1/221
7,507302,26822,17,5,1,7/26-3/10,2/65,1/17,31/1105,1/221
7,507879,27399,17,4,1,3/14-1/4,1/28,1/17,11/476,1/119
7,508389,27909,17,4,1,5/22-1/4,1/44,1/17,27/748,1/68
7,509181,28701,17,14,1,21/26-5/6,1/39,1/17,22/663,3/221
7,509265,28785,17,13,1,3/4-17/22,1/44,1/17,27/748,1/68
